"s_19980701",
"s_19980714",
"s_19980819",
"s_19980910",
"s_19981110",
"s_19990128",
"s_19990420",
"s_19990504",
"s_19990608",
"s_19990811",
"s_19990909",
"s_19990930",
"s_19991021",
"s_20000524",
"s_20000607",
"s_20000726",
"s_20010531",
"s_20020619",
"s_20020724",
"s_20020826",
"s_20020924",
"s_20021121",
"s_20030424",
"s_20040608",
"s_20040628",
"s_20040715",
"s_20060427",
"s_20060816",
"s_20060920",
"s_20070223",
"s_20070508",
"s_20070606",
"s_20070905",
"s_20080122",
"s_20080416",
"s_20080630",
"s_20080805",
"s_20080916",
"s_20081028",
"s_20090219",
"s_20090415",
"s_20090610",
"s_20090902",
"s_20090924",
"s_20091016",
"s_20091209",
"s_20100709",
"s_20101007",
"s_20101123",
"s_20110203",
"s_20110602",
"s_20110617",
"s_20110714",
"s_20110908",
"s_20110929",
"s_20111108",
"s_20120309",
"s_20120425",
"s_20120606",
"s_20120719",
"s_20120927",
"s_20121211",
"s_20130131",
"s_20130424",
"s_20140916",
"s_20141120",
"s_20150115",
"s_20150619",
"s_20150716",
"s_20150924",
"s_20151005",
"s_20160708",
"s_20160817",
"s_20161026",
"s_20161201",
"s_20170202",
"s_20170406",
"s_20170606",
"s_20170811"